{"S1线": {"金安桥": [39.923635, 116.163095], "四道桥": [39.915881, 116.135433], "桥户营": [39.912384, 116.125745], "上岸": [39.905123, 116.122236], "栗园庄": [39.895732, 116.123297], "小园": [39.890486, 116.114385], "石厂": [39.90403, 116.407526]}, "1号线": {"苹果园": [39.925829, 116.178314], "古城": [39.90745, 116.190337], "八角游乐园": [39.914338, 116.198129], "八宝山": [39.90744, 116.235948], "玉泉路": [39.907433, 116.252888], "五棵松": [39.907456, 116.273987], "万寿路": [39.907474, 116.294765], "公主坟": [39.907469, 116.309919], "军事博物馆": [39.907422, 116.323385], "木樨地": [39.907546, 116.335644], "南礼士路": [39.933814, 116.40307], "复兴门": [39.907242, 116.356866], "西单": [39.907193, 116.376338], "天安门西": [39.907611, 116.391878], "天安门东": [39.90778, 116.401216], "王府井": [39.915281, 116.411057], "东单": [39.908317, 116.420327], "建国门": [39.9085, 116.434914], "永安里": [39.908454, 116.450497], "国贸": [39.909104, 116.461841], "大望路": [39.909917, 116.477927], "四惠": [39.908749, 116.495456], "四惠东": [39.908495, 116.515664]}, "2号线": {"积水潭": [39.948567, 116.371954], "鼓楼大街": [39.948972, 116.393776], "安定门": [39.94918, 116.40824], "雍和宫": [39.949336, 116.417069], "东直门": [39.942352, 116.435102], "东四十条": [39.933801, 116.434133], "朝阳门": [39.924499, 116.434584], "建国门": [39.9085, 116.434914], "北京站": [39.904983, 116.427287], "崇文门": [39.900825, 116.418472], "前门": [39.948567, 116.371954], "和平门": [39.900098, 116.384209], "宣武门": [39.899765, 116.374314], "长椿街": [39.899433, 116.363355], "复兴门": [39.907242, 116.356866], "阜成门": [39.923686, 116.356009], "车公庄": [39.932397, 116.354357], "西直门": [39.94167, 116.353226]}, "4号线大兴线": {"天宫院": [39.669244, 116.319035], "生物医药基地": [39.68651, 116.321662], "义和庄": [39.712387, 116.319079], "黄村火车站": [39.722966, 116.332611], "黄村西大街": [39.731769, 116.332631], "清源路": [39.742724, 116.332513], "枣园": [39.753458, 116.332204], "高米店南": [39.763489, 116.331605], "高米店北": [39.774127, 116.329617], "西红门": [39.7898, 116.328689], "新宫": [39.812239, 116.365609], "公益西桥": [39.838868, 116.370369], "角门西": [39.84585, 116.371154], "马家堡": [39.853109, 116.371361], "北京南站": [39.865012, 116.379008], "陶然亭": [39.87847, 116.374383], "菜市口": [39.889296, 116.374425], "宣武门": [39.899765, 116.374314], "西单": [39.907193, 116.376338], "灵境胡同": [39.915912, 116.373746], "西四": [39.924206, 116.373332], "平安里": [39.932411, 116.368045], "新街口": [39.940667, 116.367742], "西直门": [39.94167, 116.353226], "动物园": [39.938249, 116.338812], "国家图书馆": [39.943114, 116.32519], "魏公村": [39.957904, 116.32322], "人民大学": [39.967047, 116.322121], "海淀黄庄": [39.975996, 116.317564], "中关村": [39.983918, 116.316037], "北京大学东门": [39.992212, 116.315842], "圆明园": [39.999662, 116.310186], "西苑": [39.997796, 116.291278], "北宫门": [40.002373, 116.277647], "安河桥北": [40.012195, 116.269956]}, "5号线": {"宋家庄": [39.844991, 116.428379], "刘家窑": [39.857521, 116.422119], "蒲黄榆": [39.865621, 116.42372], "天坛东门": [39.882558, 116.420833], "磁器口": [39.893172, 116.41994], "崇文门": [39.900825, 116.418472], "东单": [39.908317, 116.420327], "灯市口": [39.917113, 116.417783], "东四": [39.924363, 116.416202], "张自忠路": [39.933592, 116.417156], "北新桥": [39.940782, 116.416884], "雍和宫": [39.949336, 116.417069], "和平里北街": [39.958734, 116.418504], "和平西桥": [39.969173, 116.418111], "惠新西街南口": [39.977121, 116.417537], "惠新西街北口": [39.987836, 116.417028], "大屯路东": [40.003841, 116.417377], "北苑路北": [40.030436, 116.418089], "立水桥南": [40.041956, 116.414496], "立水桥": [40.052725, 116.411429], "天通苑南": [40.066458, 116.412661], "天通苑": [40.074067, 116.409892], "天通苑北": [40.083668, 116.412888]}, "6号线": {"潞城": [39.902652, 116.747434], "东夏园": [39.903147, 116.73385], "郝家府": [39.90265, 116.747432], "北运河东": [39.903079, 116.707564], "北运河西": [39.903024, 116.688358], "通州北关": [39.917962, 116.661131], "物资学院路": [39.926801, 116.639316], "草房": [39.925073, 116.616187], "常营": [39.925696, 116.599722], "黄渠": [39.923918, 116.577088], "褡裢坡": [39.924021, 116.563961], "青年路": [39.922863, 116.51684], "十里堡": [39.923076, 116.502045], "金台路": [39.915614, 116.478065], "呼家楼": [39.923337, 116.461618], "东大桥": [39.923054, 116.451657], "朝阳门": [39.924499, 116.434584], "东四": [39.924363, 116.416202], "南锣鼓巷": [39.933118, 116.402993], "北海北": [39.933247, 116.386829], "平安里": [39.932411, 116.368045], "车公庄": [39.932397, 116.354357], "车公庄西": [39.932466, 116.344082], "白石桥南": [39.933814, 116.40307], "花园桥": [39.940486, 116.444183], "慈寿寺": [39.932676, 116.293779], "海淀五路居": [39.932584, 116.276531], "田村": [39.92935, 116.247554], "廖公庄": [39.932368, 116.226955], "西黄村": [39.931832, 116.200528], "杨庄": [39.814322, 116.301889], "金安桥": [39.923635, 116.163095]}, "7号线": {"焦化厂": [39.855488, 116.537247], "双合": [39.859691, 116.526836], "垡头": [39.860864, 116.511829], "欢乐谷景区": [39.866505, 116.500067], "南楼梓庄": [39.874578, 116.501084], "化工": [39.884026, 116.504276], "百子湾": [39.869346, 116.559357], "大郊亭": [39.893183, 116.487935], "九龙山": [39.893222, 116.478695], "广渠门外": [39.893648, 116.448998], "广渠门内": [39.893673, 116.433877], "磁器口": [39.893172, 116.41994], "桥湾": [39.892725, 116.408464], "珠市口": [39.890794, 116.398695], "虎坊桥": [39.889486, 116.384596], "菜市口": [39.889296, 116.374425], "广安门内": [39.889418, 116.358239], "达官营": [39.889884, 116.336455], "湾子": [39.889954, 116.327753], "北京西站": [39.894706, 116.321218]}, "8号线北段": {"中国美术馆": [39.90403, 116.407526], "南锣鼓巷": [39.933118, 116.402993], "什刹海": [39.948567, 116.371954], "鼓楼大街": [39.948972, 116.393776], "安德里北街": [39.957227, 116.395145], "安华桥": [39.968507, 116.394655], "北土城": [39.976953, 116.394193], "奥体中心": [39.985837, 116.393759], "奥林匹克公园": [40.000743, 116.393075], "森林公园南门": [40.010122, 116.3926], "林萃桥": [40.021906, 116.372998], "永泰庄": [40.037728, 116.35458], "西小口": [40.046615, 116.350536], "育新": [40.060039, 116.347328], "霍营": [40.071857, 116.360286], "回龙观东大街": [40.081175, 116.363025], "平西府": [40.090607, 116.350425], "育知路": [40.087863, 116.326992], "朱辛庄": [40.104297, 116.313698]}, "8号线南段": {"珠市口": [39.890794, 116.398695], "天桥": [39.960747, 116.457152], "永定门外": [39.867435, 116.399369], "木樨园": [39.853981, 116.403641], "海户屯": [39.852166, 116.397955], "大红门南": [40.065575, 116.248154], "和义": [39.814412, 116.402247], "东高地": [39.808136, 116.421327], "火箭万源": [39.802341, 116.505591], "五福堂": [39.90403, 116.407526], "德茂": [39.90403, 116.407526], "瀛海": [39.760994, 116.448813]}, "9号线": {"郭公庄": [39.814322, 116.301889], "丰台科技园": [39.825233, 116.297176], "科怡路": [39.83248, 116.297432], "丰台南路": [39.840444, 116.296748], "丰台东大街": [39.855111, 116.293857], "七里庄": [39.866773, 116.294292], "六里桥": [39.886886, 116.315142], "六里桥东": [39.886468, 116.314831], "北京西站": [39.894706, 116.321218], "军事博物馆": [39.907422, 116.323385], "白堆子": [39.923924, 116.325767], "白石桥南": [39.933814, 116.40307], "国家图书馆": [39.943114, 116.32519]}, "10号线": {"巴沟": [39.974179, 116.293727], "苏州街": [39.975642, 116.306332], "海淀黄庄": [39.975996, 116.317564], "知春里": [39.976334, 116.328709], "知春路": [39.976473, 116.341372], "西土城": [39.976549, 116.354098], "牡丹园": [39.979142, 116.37114], "健德门": [39.976723, 116.381353], "北土城": [39.976953, 116.394193], "安贞门": [39.977005, 116.405954], "惠新西街南口": [39.977121, 116.417537], "芍药居": [39.977636, 116.435914], "太阳宫": [39.972678, 116.447469], "三元桥": [39.960747, 116.457152], "亮马桥": [39.949415, 116.461794], "农业展览馆": [39.940528, 116.465145], "团结湖": [39.933747, 116.461806], "呼家楼": [39.923337, 116.461618], "金台夕照": [39.916838, 116.461743], "国贸": [39.909104, 116.461841], "双井": [39.893512, 116.461834], "劲松": [39.884387, 116.461325], "潘家园": [39.875387, 116.460926], "十里河": [39.8658, 116.459118], "分钟寺": [39.852227, 116.453976], "成寿寺": [39.845874, 116.447531], "宋家庄": [39.844991, 116.428379], "石榴庄": [39.845905, 116.414103], "大红门": [39.845552, 116.40062], "角门东": [39.845365, 116.386596], "角门西": [39.846122, 116.370384], "草桥": [39.84487, 116.346605], "纪家庙": [39.844433, 116.333381], "首经贸": [39.844186, 116.320127], "丰台站": [39.849611, 116.303943], "泥洼": [39.858609, 116.304173], "西局": [39.940486, 116.444183], "六里桥": [39.886886, 116.315142], "莲花桥": [39.897867, 116.310347], "公主坟": [39.907469, 116.309919], "西钓鱼台": [39.923481, 116.298064], "慈寿寺": [39.932676, 116.293779], "车道沟": [39.947923, 116.293818], "长春桥": [39.959019, 116.296058],